LIGwell,LIGindex
P1-A01,TTGCTGCGCCT
P1-B01,GTTACTACCAT
P1-C01,GTTCGTCGTT
P1-D01,TAGCTGCTACT
P1-E01,GTAATAAGCAT
P1-F01,TGACCGAATCT
P1-G01,ATATTGACTGT
P1-H01,CGCTAACCGT
P1-A02,AAGGATATCCT
P1-B02,CAACCTATAT
P1-C02,GACGGCAATT
P1-D02,TTGAATCAAGT
P1-E02,CATCTTCAGAT
P1-F02,TCCGGCTGAT
P1-G02,TTGATCTCCAT
P1-H02,CCAGAGGAAGT
P1-A03,TCGCCTGCGCT
P1-B03,AATTAATAACT
P1-C03,AATCCAATAAT
P1-D03,CGGATGGCAT
P1-E03,AAGCTACCAGT
P1-F03,TTGCAGCATT
P1-G03,TTCTGGAGCGT
P1-H03,GCGTTGATCAT
P1-A04,TGATTCTCGT
P1-B04,CTTAGCAGTT
P1-C04,ACTAGACCGAT
P1-D04,ACTCATCAGTT
P1-E04,AATATTAGCT
P1-F04,TCCTAATTACT
P1-G04,ACCATCTGCT
P1-H04,TTCTCGCATGT
P1-A05,TCGTCTCTACT
P1-B05,GGTATCAATGT
P1-C05,GGCATGAATCT
P1-D05,CCAGCCAGGAT
P1-E05,CTATATTCCAT
P1-F05,GGCCAACGAT
P1-G05,AGATCAACCAT
P1-H05,AAGTACGTTAT
P1-A06,AAGGTCTGAT
P1-B06,GTCAGACCTCT
P1-C06,CTAGCAGGAT
P1-D06,AGGAGCGGTAT
P1-E06,CGTCGACCGGT
P1-F06,GGTCCTTCTCT
P1-G06,CTTCTCATTGT
P1-H06,GGCGTTAAGGT
P1-A07,GAACTACTCAT
P1-B07,CGTCAAGGCAT
P1-C07,AGAGGCTCGTT
P1-D07,TCCTCCATACT
P1-E07,AGGAGTCAAT
P1-F07,CAAGAGTTAT
P1-G07,GTTGATAGCT
P1-H07,ACCAGTATAAT
P1-A08,CAACCGGATCT
P1-B08,ACCAGACGCT
P1-C08,AATGCAGCGGT
P1-D08,GCAATCGGTT
P1-E08,TTCCTAGACCT
P1-F08,ATCTGCCAAT
P1-G08,GAGCGCGGCAT
P1-H08,AATGGCGTAAT
P1-A09,GTAACCAGGT
P1-B09,ACGCTTGAGTT
P1-C09,AGAGAACTTGT
P1-D09,TCTAGGATAAT
P1-E09,AATACTTAACT
P1-F09,TACGGATCGT
P1-G09,TGGTATAGACT
P1-H09,ATGAATGCCT
P1-A10,TGGATAATCAT
P1-B10,CGTCTTGGTCT
P1-C10,ATTCTCCTCT
P1-D10,CTTCGGTATAT
P1-E10,TGCTAATTCT
P1-F10,AACGAGCGGCT
P1-G10,GTCGACGGAAT
P1-H10,ACCATTAAGCT
P1-A11,CGCGGCATAT
P1-B11,TAAGGTCCTT
P1-C11,ACTAGGAATCT
P1-D11,AAGAGGATTAT
P1-E11,GAGGTCGGTT
P1-F11,CCGTAACGCCT
P1-G11,CAGTTAGACCT
P1-H11,TTAATAGTTCT
P1-A12,AGGCAACCGCT
P1-B12,ACGATAATAAT
P1-C12,AGATGACTGAT
P1-D12,TAAGACTACCT
P1-E12,GTTGAGCGGTT
P1-F12,TAACTAAGTCT
P1-G12,ATAAGCGAAT
P1-H12,CTCCTGGTAT
P2-A01,GATAGTCGCT
P2-B01,TTAACGCCGT
P2-C01,GGTAGCCTCGT
P2-D01,CCGCCTCGTT
P2-E01,TCCTCAACCAT
P2-F01,TCGGTAAGGCT
P2-G01,GCCTCCGTCGT
P2-H01,CGAACGCAATT
P2-A02,CATCGAAGGAT
P2-B02,TCGCAAGACGT
P2-C02,GTTCTGGTAGT
P2-D02,GTCCGGAACT
P2-E02,TTATCCAGTAT
P2-F02,ATACGCTCAAT
P2-G02,CTATTCGGCCT
P2-H02,GCGACCAGTT
P2-A03,TAATAACTACT
P2-B03,CCGGTCAGTT
P2-C03,TCTCAACCTGT
P2-D03,CTTGCATAAT
P2-E03,GCTCCAAGCCT
P2-F03,AAGCTGACCT
P2-G03,TACTGAGTCGT
P2-H03,CCTCGTCATAT
P2-A04,AGACCAAGAAT
P2-B04,CCAGGCTCTT
P2-C04,GTTATTGGTT
P2-D04,TCGTCAACTT
P2-E04,CCGCTGCTTCT
P2-F04,GGAAGCTCGCT
P2-G04,ACCAGTTATT
P2-H04,AGGTCATCCT
P2-A05,CCTATTAGACT
P2-B05,GCAGCGGACT
P2-C05,CCTTAGTCTGT
P2-D05,CGAGTTAGAGT
P2-E05,CAGACTTGAGT
P2-F05,AACGTCTAGT
P2-G05,ATTATGCTCCT
P2-H05,AAGAACCGTAT
P2-A06,AGCCGAAGTAT
P2-B06,CTTAAGTTCGT
P2-C06,ACGTTAGCCAT
P2-D06,CTCGGACTCT
P2-E06,GACCTTCCAT
P2-F06,TGAATAGCAAT
P2-G06,TGGCTAGAACT
P2-H06,CCGGTTAAGT
P2-A07,GGATGGATAAT
P2-B07,ATCATGGCTGT
P2-C07,AATGAATAGT
P2-D07,GGCTCCTCGT
P2-E07,TCGGCGTCGT
P2-F07,GTTCAATTGCT
P2-G07,GATATGGTCT
P2-H07,GAATCGACGT
P2-A08,AGTCCATGGT
P2-B08,TCGAAGCCTAT
P2-C08,TTCGCCGTAAT
P2-D08,CTTCCTTATT
P2-E08,GGAATGACCGT
P2-F08,AGTTAAGTAAT
P2-G08,GGCCTCCATT
P2-H08,CTTCATTAGAT
P2-A09,CTTCAACTGAT
P2-B09,ACTATAATTGT
P2-C09,CGTACCTAGAT
P2-D09,AATAATCGGT
P2-E09,TGAAGGAAGGT
P2-F09,ATTAGTAATT
P2-G09,GTCGAGGTAT
P2-H09,AGGTAATTCCT
P2-A10,CGATTACGGCT
P2-B10,GTTCCGCGCT
P2-C10,CTACGGTAGCT
P2-D10,GAGAGCATGCT
P2-E10,AGCAAGCGGAT
P2-F10,CCGCCTGGAGT
P2-G10,TGGTCCAGTCT
P2-H10,TTCTATAGAGT
P2-A11,GCTTAATCAT
P2-B11,GGAGTCGTCT
P2-C11,ACGTATCTAT
P2-D11,AACGACTTAAT
P2-E11,ATAGGAGCTT
P2-F11,TATTCGCAGT
P2-G11,AACGCTATTAT
P2-H11,GGCATCTACCT
P2-A12,ATTCTTGGCT
P2-B12,ACGATAGACT
P2-C12,CGCCGAGGCGT
P2-D12,ACGCGCTCCT
P2-E12,CGGTCGACTAT
P2-F12,GAGGCGGAAT
P2-G12,GTAGATCGTT
P2-H12,TTCGACTTAT
P3-A01,GCAACTGGCAT
P3-B01,CAGCAGTATCT
P3-C01,AACGCCATACT
P3-D01,ACCAACCGTT
P3-E01,TCCGAAGTCGT
P3-F01,CCGCGTCCAAT
P3-G01,AAGTCATTAAT
P3-H01,TACGTCCATT
P3-A02,GAGCGAATAT
P3-B02,ATTATAACGTT
P3-C02,ATCATCAACGT
P3-D02,GCCTTGCCTCT
P3-E02,AAGCCTATGAT
P3-F02,ATCTCCTACGT
P3-G02,AGGTAATAGGT
P3-H02,GGACGGTAGGT
P3-A03,CGGACCATCCT
P3-B03,CTCCGGTTCT
P3-C03,TGAGCAGAGCT
P3-D03,GATGACGAAGT
P3-E03,GAGACGTACGT
P3-F03,CTCTTCCTAAT
P3-G03,TATCTTAGGTT
P3-H03,TGGCAAGTCAT
P3-A04,CTACTTCGCTT
P3-B04,CTTGCCAGCGT
P3-C04,TACTGCGGACT
P3-D04,CTCTTCAAGCT
P3-E04,TCTGGTCGAAT
P3-F04,GACTATACCT
P3-G04,ATAGAATCCAT
P3-H04,TACTGGCTCAT
P3-A05,TGCAAGGCGT
P3-B05,GGTTCGACCT
P3-C05,GCAATACTAT
P3-D05,ATCATGGTAAT
P3-E05,CGGTTACCTT
P3-F05,GGATTGCCGGT
P3-G05,AACTTATAAGT
P3-H05,CATATTCTTGT
P3-A06,TGATCTTAATT
P3-B06,ATGAGGATCCT
P3-C06,CCTACGGCAAT
P3-D06,GAGGAACTCAT
P3-E06,CCGATGCATAT
P3-F06,ATCAGCAAGT
P3-G06,ACTGGTAGAT
P3-H06,ATCCATCAGGT
P3-A07,CGAATTCGTT
P3-B07,TAGTACTATCT
P3-C07,CAGTCAGGCT
P3-D07,CCGGCAGCCT
P3-E07,ATCGGCCAGAT
P3-F07,CTGGTTGGTT
P3-G07,GGTCCTGCAAT
P3-H07,TCGGTACCAGT
P3-A08,CGCCGGTATGT
P3-B08,TGAGAACCAAT
P3-C08,TCAGTAATACT
P3-D08,TTGCTCGATT
P3-E08,GGTAGGTCTCT
P3-F08,GTCAGTTAGT
P3-G08,CTCTTAGCGGT
P3-H08,GATGCTACGAT
P3-A09,TGGAACGGCT
P3-B09,AAGGCTCATCT
P3-C09,CCAGATATGCT
P3-D09,GATGATCCAT
P3-E09,ACTATCCAGGT
P3-F09,CCATTCGTAAT
P3-G09,GTTCCGATCCT
P3-H09,GCATTGATATT
P3-A10,GTAGTTGGAT
P3-B10,TGAGGCAGCT
P3-C10,AAGGTTCAGAT
P3-D10,AGCGTAAGTT
P3-E10,GCCAATAGTT
P3-F10,CTGAGCATGAT
P3-G10,CGAACCATAGT
P3-H10,GCGCTACGGAT
P3-A11,CATGAGAACT
P3-B11,TGCTCAACTCT
P3-C11,ATTGCTTAGTT
P3-D11,AATGACCTCT
P3-E11,TTAGTACGCCT
P3-F11,ATAACGGACT
P3-G11,GCATTCGGAGT
P3-H11,CAACTTGGAT
P3-A12,CTTGCGGTCT
P3-B12,CCGCGATCTCT
P3-C12,CAATATGCGTT
P3-D12,ACCAGCCTTAT
P3-E12,TTCAGAGACGT
P3-F12,CCTTCATGCGT
P3-G12,CTCATGAATAT
P3-H12,TGACCGCTACT
P4-A01,GTAATGGTAT
P4-B01,ATGCTCGCAAT
P4-C01,GGTAAGCTCT
P4-D01,CGAGATGCTT
P4-E01,GCCATAGAGT
P4-F01,CTCCATAATT
P4-G01,CCAATAGAACT
P4-H01,AGAAGAATACT
P4-A02,CTCCTCTGCCT
P4-B02,GGCCAGCGGCT
P4-C02,AGCGACTGCT
P4-D02,TGGATCAGGCT
P4-E02,CCGTAATATGT
P4-F02,TCTCGGCTGCT
P4-G02,TAGGCGTTCCT
P4-H02,CGATCTTCTAT
P4-A03,AGCCAGAATT
P4-B03,TGCGGTTCAGT
P4-C03,TGATTCAACT
P4-D03,TATTACCAACT
P4-E03,AAGATATCAAT
P4-F03,CAGCGCATCCT
P4-G03,AATACCAGTT
P4-H03,CCTCTTGATGT
P4-A04,TGGTCTACGT
P4-B04,AATAGAAGAAT
P4-C04,TGGCGCGTACT
P4-D04,TGCAACCGAGT
P4-E04,ATCATAAGAT
P4-F04,CGAAGGCATGT
P4-G04,ATGGTTAATT
P4-H04,TGATAAGTTAT
P4-A05,TAAGCTGATGT
P4-B05,ACTCTGAGCT
P4-C05,GGCGTCCTCAT
P4-D05,TGGCCAGTAT
P4-E05,TTGGTAGGCGT
P4-F05,GCTCGAATCAT
P4-G05,ACGTAACGTAT
P4-H05,TTACCGCATAT
P4-A06,AGTCGCATAAT
P4-B06,CCGCGCAGGT
P4-C06,TCTAGAAGACT
P4-D06,AATTGCTCCGT
P4-E06,CGTCTTCCTT
P4-F06,CAGCTATCGT
P4-G06,TGATGCATCGT
P4-H06,TAGTCAATCCT
P4-A07,GAAGTCCGTCT
P4-B07,GGCTACCTGGT
P4-C07,CCTCCTTCAT
P4-D07,GTCCGTATTAT
P4-E07,CGCCAGGCAT
P4-F07,TACTTCCGTCT
P4-G07,TCGGCCGATGT
P4-H07,GTCTCTAGTT
P4-A08,GGCCGACCAAT
P4-B08,GCGCTCGACGT
P4-C08,TTCTGGCCTAT
P4-D08,CAGGCTAAGAT
P4-E08,CTAGCCTATT
P4-F08,AATCAGCTGCT
P4-G08,GCCATCAACT
P4-H08,CCTCCGGAGT
P4-A09,ACGTTGCTCCT
P4-B09,AACTATAGAAT
P4-C09,GCGACGATAAT
P4-D09,CTTGCATTCAT
P4-E09,GATCCAGCGT
P4-F09,ATTACTAAGAT
P4-G09,ATGCCGCGCAT
P4-H09,TTGACCAGGAT
P4-A10,CTCGGTCAAT
P4-B10,GCATACCAAT
P4-C10,CGGCGCTGGCT
P4-D10,CGTTGCAAGTT
P4-E10,CATATCAAGAT
P4-F10,TCGCGTACTT
P4-G10,AAGTCAAGAT
P4-H10,TCATACCGCT
P4-A11,AGGTAGAGCT
P4-B11,TCCGCCTACT
P4-C11,AGAGAATCAGT
P4-D11,TCGTAGCATCT
P4-E11,ACTTAAGATAT
P4-F11,GAGAAGACCAT
P4-G11,CTTATGAACCT
P4-H11,CTGCGTAGTAT
P4-A12,AGAGTACCAT
P4-B12,GGCGTAGCAAT
P4-C12,AATTGCCGCAT
P4-D12,ATAGGCCTCAT
P4-E12,ACGAGCCGAAT
P4-F12,GGCAACGTTGT
P4-G12,ATGCTGAAGCT
P4-H12,CCGGAGTTGCT
P5-A01,GGTCCGCATCT
P5-B01,GACCAATGCGT
P5-C01,GGCGGTTGACT
P5-D01,TCTCAGATAT
P5-E01,AGCAAGTAGT
P5-F01,AGCCTGCAGTT
P5-G01,TAATCTATACT
P5-H01,CCTACGTAAT
P5-A02,AATATAGTAT
P5-B02,GATAACCTAT
P5-C02,TCCTATTCTAT
P5-D02,CCTTGAAGGCT
P5-E02,TCAGATCGGAT
P5-F02,GGCCTCTCCAT
P5-G02,GGTACGGATAT
P5-H02,CAAGTCAGCAT
P5-A03,TAGAACCATT
P5-B03,GAGGAGACGTT
P5-C03,TTAAGCGCTAT
P5-D03,AACTACGGCT
P5-E03,TGAGTCGATGT
P5-F03,CCATTGCGTT
P5-G03,AAGTTCGCTGT
P5-H03,GTAGTATAAT
P5-A04,TTGGCCTATAT
P5-B04,CCTATCTCCGT
P5-C04,CTCCAAGTTAT
P5-D04,CGAACCAGCAT
P5-E04,CTTAGCTAACT
P5-F04,TATATGAAGT
P5-G04,AGGTAACGCGT
P5-H04,CCTATCATAAT
P5-A05,GCGGTTATTGT
P5-B05,CCAACTCTCT
P5-C05,CGCGCTTGCAT
P5-D05,CTAGACGTAAT
P5-E05,CGATCAGAGAT
P5-F05,GTATACCGAAT
P5-G05,ACTGGATGCT
P5-H05,TCAGTCCGACT
P5-A06,GAGACCGCCT
P5-B06,TTCGCCAAGGT
P5-C06,TTCTTATACTT
P5-D06,ACCTTCTCGAT
P5-E06,CAGGCGCCAT
P5-F06,TCCTCTCCGT
P5-G06,CTCCAAGGAT
P5-H06,CTTCCAAGAAT
P5-A07,GGATTATTAT
P5-B07,CGTAAGGAGT
P5-C07,AAGACTGGCT
P5-D07,CTATGCTTACT
P5-E07,GAGTCCTTAT
P5-F07,ACGGTCATCAT
P5-G07,TACCAGCAGCT
P5-H07,GGAACGATGGT
P5-A08,TCAGCTCCTGT
P5-B08,ACGAAGTATT
P5-C08,CGCATCGTCAT
P5-D08,ACGAGAAGAT
P5-E08,CTTCTAGAGTT
P5-F08,ATAGGTCCAAT
P5-G08,ACGCAATGAT
P5-H08,TTATCAGAGGT
P5-A09,GGTTGGCAGGT
P5-B09,CAAGGCTACT
P5-C09,CTAGGCCGTT
P5-D09,GAAGAGGCAT
P5-E09,GTAACTTACT
P5-F09,TTGCAGGTTAT
P5-G09,AAGTAATATT
P5-H09,TTGCCTTGGCT
P5-A10,TTCTGATGAT
P5-B10,GCTCATATGCT
P5-C10,CTTCTTGAACT
P5-D10,CATTCCTGAT
P5-E10,ACGACCAATAT
P5-F10,GTCCGTAGAT
P5-G10,TGCAGGACTCT
P5-H10,CTACGACGAGT
P5-A11,ATATTCTACCT
P5-B11,CAGCCAATTGT
P5-C11,CCGTATCTGGT
P5-D11,TATTCGATCT
P5-E11,CTACCGCGTCT
P5-F11,ACCAGAACCAT
P5-G11,GAGAGCTGGAT
P5-H11,CATACGGTAT
P5-A12,ACGTTGAATGT
P5-B12,TAGCCAGCAAT
P5-C12,AAGCGGTTCT
P5-D12,CCGTCTCAAT
P5-E12,GAAGGCTCCAT
P5-F12,CAAGGCTTAGT
P5-G12,CAGCGTTGGT
P5-H12,AGTCGAGTTCT
P6-A01,GACGGAATAGT
P6-B01,AGGACTGCGAT
P6-C01,TCTATATCTT
P6-D01,GGCTTGCCAAT
P6-E01,CTTAGGTTAT
P6-F01,GAGCCTTCGCT
P6-G01,ATCAGTCTCGT
P6-H01,GCTGGTTATAT
P6-A02,GAGCTCTTCAT
P6-B02,TCGTAGGCTT
P6-C02,TTCAGGAGAT
P6-D02,GGTATCGCAAT
P6-E02,GCCATGGTACT
P6-F02,TCGCGCCGTAT
P6-G02,CGGCTCCGAAT
P6-H02,TGGCAGAAGT
P6-A03,CCGGACTCCAT
P6-B03,TTATAGGCAT
P6-C03,CAATTAGGAAT
P6-D03,CGTATTGAGAT
P6-E03,GGATAAGATCT
P6-F03,ACTAAGGACCT
P6-G03,TGCGTTCCGGT
P6-H03,CCATCGTCTT
P6-A04,ACCAAGATCT
P6-B04,TTAAGGCGCCT
P6-C04,GGTACGCCGAT
P6-D04,TGCCAGATGGT
P6-E04,GCCGACGAGCT
P6-F04,TTGAACCTCCT
P6-G04,CCGTCGATTGT
P6-H04,AGTTGCGCCAT
P6-A05,AGAAGGAACT
P6-B05,TTCTATTAAT
P6-C05,ACTCCAACGGT
P6-D05,CCGGCCATAAT
P6-E05,TGGCGTAGGT
P6-F05,CTTAGACGATT
P6-G05,CAGAAGACTT
P6-H05,AACCGCTGGT
P6-A06,CCTGAGGATT
P6-B06,ATCGGTCCTCT
P6-C06,GGTTGGCGACT
P6-D06,CAGAATTAGGT
P6-E06,CTACTAATAT
P6-F06,TGACGCAGTCT
P6-G06,CCATATTGGTT
P6-H06,CAACTATTCGT
P6-A07,TGACGCCATGT
P6-B07,GCTGCTGAAT
P6-C07,AGTATTCTGCT
P6-D07,GGAGCTAATCT
P6-E07,GGTAGGACCAT
P6-F07,GTATTAAGTT
P6-G07,TACTGCTCGGT
P6-H07,AGCGTCGTAT
P6-A08,AGCTAGGACGT
P6-B08,ATCGGATTCAT
P6-C08,TTCATCATAT
P6-D08,ATAGCCTTAAT
P6-E08,CTGGCTTCCT
P6-F08,CCTTACGTCAT
P6-G08,TAACTGGCCGT
P6-H08,GTACGATTCT
P6-A09,CGTACCAACGT
P6-B09,GAGGACGATCT
P6-C09,TTCTGCAAGAT
P6-D09,CTTGGAGACT
P6-E09,TAGCTGGCGAT
P6-F09,GGCTTAGGCAT
P6-G09,TGGCAGCGAAT
P6-H09,GTAGTCTGAAT
P6-A10,GTCAATACGAT
P6-B10,TAGCATCGCGT
P6-C10,TGCAGCCTACT
P6-D10,TGATTAATCCT
P6-E10,TGCCGCCGAT
P6-F10,CAGTATCCTT
P6-G10,TGCATCTTGGT
P6-H10,CTCTGCGATCT
P6-A11,AGCGTAACCAT
P6-B11,AGTTGGCCTCT
P6-C11,GAGTCGTAACT
P6-D11,GTTGGCTCAAT
P6-E11,TCGGTCTGGTT
P6-F11,ATCTCCAGCT
P6-G11,ACGCGTATCGT
P6-H11,GGCCGCGGTT
P6-A12,CCTAAGCGGT
P6-B12,AGGACCAAGT
P6-C12,GAGGAGTTCGT
P6-D12,CATTCTAGAAT
P6-E12,CTGACTCTGAT
P6-F12,CCGGCGGCGAT
P6-G12,AATCTTGCTCT
P6-H12,GGTCTGAGCAT
P7-A01,ACCTAGTTAGT
P7-B01,GCTACTTACGT
P7-C01,TGCGCCTGGT
P7-D01,AATTAATGCGT
P7-E01,GCGGAGTCGAT
P7-F01,TTAGAGCAACT
P7-G01,AGCTAAGAAT
P7-H01,AACGATCATGT
P7-A02,CTGCCTCTTCT
P7-B02,GGTCGCCGCT
P7-C02,GGACGGTTAT
P7-D02,AATCCGGTCAT
P7-E02,AGAGTTGCAAT
P7-F02,ACTCGTTACT
P7-G02,TTACGAACTT
P7-H02,TATGATATTCT
P7-A03,AGGATTACCAT
P7-B03,TAGCTCGGTCT
P7-C03,TTCGTTCCAT
P7-D03,CCGATACTCT
P7-E03,CCGCGCTATAT
P7-F03,TTACCGGCTT
P7-G03,CAACGCAGCTT
P7-H03,TTGAGCCAAT
P7-A04,CAGCGATAGAT
P7-B04,AGAGGTCGCAT
P7-C04,TGACTGAGAAT
P7-D04,CGAAGGACGAT
P7-E04,CATTAACGGAT
P7-F04,AATTGGCGAT
P7-G04,ATACTTGATT
P7-H04,ATCTTGACCAT
P7-A05,CAATTCTAGGT
P7-B05,CAGTAGCGATT
P7-C05,TACGGTTCCAT
P7-D05,TTAGGTACGAT
P7-E05,TGCAGATCCAT
P7-F05,ACGGTCTTGCT
P7-G05,AATAATAATGT
P7-H05,CGCTTCAATT
P7-A06,CTGCTAGGAAT
P7-B06,GGACTAGATT
P7-C06,GGTATAACCTT
P7-D06,TGCGAGAGGT
P7-E06,TCTCCTTGGAT
P7-F06,TTCTGACTACT
P7-G06,TAATCAGCCT
P7-H06,TCTGCGCGTT
P7-A07,TGGCCGCAAT
P7-B07,TTAGAGGTTCT
P7-C07,CCAGTCGAAT
P7-D07,GTAATCTTCAT
P7-E07,TATGGACTAT
P7-F07,ACTCGACGCCT
P7-G07,TAGCGGAGAAT
P7-H07,TCGTAGGTCAT
P7-A08,TTATCGTATT
P7-B08,ATATCGCCTAT
P7-C08,GAAGATTCCT
P7-D08,GAACTCCTAT
P7-E08,GTTGGTTGCAT
P7-F08,TGAGCTACTT
P7-G08,CCTGAATACT
P7-H08,ACGCAGTAGAT
P7-A09,ATGAGTTCTCT
P7-B09,GGCAGGTATT
P7-C09,CCGCTAGGCCT
P7-D09,AAGCAGCGTT
P7-E09,AACGTAATCT
P7-F09,GGAATACGGAT
P7-G09,GTCCATGCCGT
P7-H09,CATACGATGCT
P7-A10,CTTCTGGTCCT
P7-B10,GGCTCGAGAT
P7-C10,AATGATTGCAT
P7-D10,CGTTCTCCAAT
P7-E10,AGAGATGAAT
P7-F10,TGACTCCGTT
P7-G10,ACGCTTCTCT
P7-H10,AGTCTAAGCGT
P7-A11,AGAGCGGCTT
P7-B11,GTTGCCGTTCT
P7-C11,GTCGGATATT
P7-D11,GCCTGGCCGGT
P7-E11,TTGAATTATAT
P7-F11,ATAATGCATT
P7-G11,CGCTTAGATCT
P7-H11,GTCGTTCGCCT
P7-A12,TCTAGCCTCCT
P7-B12,ATATGGAGAGT
P7-C12,CTTCATTCTCT
P7-D12,TTATACCTCGT
P7-E12,GATCAGTCAT
P7-F12,GGTACCATAT
P7-G12,TGAACGGTAAT
P7-H12,GACGCTGCAT
P8-A01,CATGCCGTCCT
P8-B01,ATGCGCTACCT
P8-C01,GAGGAATCTT
P8-D01,TTAGGCTTGAT
P8-E01,TTACCTTGCAT
P8-F01,GTCCTCGGCT
P8-G01,GCTGGTCCTGT
P8-H01,CTCAAGTCCT
P8-A02,ATTACGCCTCT
P8-B02,CAAGATAATT
P8-C02,AAGAATCTGAT
P8-D02,GGAATTATCTT
P8-E02,ATGGAAGCAT
P8-F02,ACCGACTATT
P8-G02,GGATGCGATT
P8-H02,TGGCGATCAT
P8-A03,TCCTTACCAAT
P8-B03,GTATTATATAT
P8-C03,TTCTAACCAT
P8-D03,CCGCTTCAGGT
P8-E03,AGATTCATAAT
P8-F03,ATTAAGGTCAT
P8-G03,CCAAGGAGCGT
P8-H03,CCGAATTAAT
P8-A04,TCATTCTATT
P8-B04,ATATACGCTT
P8-C04,GAGATACCTCT
P8-D04,TGCCTAACTT
P8-E04,AATTAGAAGGT
P8-F04,CGTTACTAAT
P8-G04,CCTATAAGCT
P8-H04,CAGAGTAGACT
P8-A05,TCAGAGCATT
P8-B05,TTATAATCAAT
P8-C05,TGGAGCCATAT
P8-D05,ATAACCGCCAT
P8-E05,TGCAGAATAAT
P8-F05,ATGGTAACTAT
P8-G05,GGACTCGCCGT
P8-H05,AATGCTCTAT
P8-A06,CCAGCATTCT
P8-B06,GACCTGGAAT
P8-C06,CTGATACGTCT
P8-D06,TGCCTATTAT
P8-E06,TCATCTCGAT
P8-F06,AGCCATACCAT
P8-G06,TATTCCAATT
P8-H06,GGAGCAACCT
P8-A07,CTTGATTGCCT
P8-B07,GGTCGCCAACT
P8-C07,CCAGATCAGTT
P8-D07,GCTCATGCTT
P8-E07,GGCGGACGTT
P8-F07,AAGTATGGCCT
P8-G07,GCCTCAGCAT
P8-H07,CGACTCGTAGT
P8-A08,TGAGAATTAT
P8-B08,ATCCTACCTCT
P8-C08,GTATAGGTCGT
P8-D08,CCGGCGCATT
P8-E08,GAGGCTTATT
P8-F08,ACCGGCCGACT
P8-G08,CTTCCGTAGGT
P8-H08,AGCAGAAGAGT
P8-A09,AACCTCATTCT
P8-B09,CCATCCTAGT
P8-C09,TAATATAACCT
P8-D09,CCTAGTACGT
P8-E09,GGATCTCTCCT
P8-F09,GTCTGGTCTT
P8-G09,AATCCATCTT
P8-H09,CGAATCTCCT
P8-A10,CCATTAGCAGT
P8-B10,TGAGTTGCGTT
P8-C10,ACTCCGAAGAT
P8-D10,ACTGAATTCCT
P8-E10,ACCAAGCCTCT
P8-F10,CCTTGATCGT
P8-G10,AGGAAGTAAGT
P8-H10,GCCGCTGAGAT
P8-A11,ATGGTACGTT
P8-B11,CGCGCAGCAGT
P8-C11,ACTCGCGCAT
P8-D11,TGGCATAACGT
P8-E11,TAAGATAGGT
P8-F11,GACCTCAGGT
P8-G11,CGAATGAGCT
P8-H11,CCAACCTACGT
P8-A12,GGACCGTCAAT
P8-B12,ACCGAGCCAT
P8-C12,CAGGCCTAAT
P8-D12,CGGAACCGAT
P8-E12,TTCGCTGCCT
P8-F12,CTCTGACCGCT
P8-G12,CTTACCATCT
P8-H12,CCATCGGACCT
