LIG1	TTGCTGCGCCT
LIG2	AAGGATATCCT
LIG3	TCGCCTGCGCT
LIG4	TGATTCTCGT
LIG5	TCGTCTCTACT
LIG6	AAGGTCTGAT
LIG7	GAACTACTCAT
LIG8	CAACCGGATCT
LIG9	GTAACCAGGT
LIG10	TGGATAATCAT
LIG11	CGCGGCATAT
LIG12	AGGCAACCGCT
LIG13	GTTACTACCAT
LIG14	CAACCTATAT
LIG15	AATTAATAACT
LIG16	CTTAGCAGTT
LIG17	GGTATCAATGT
LIG18	GTCAGACCTCT
LIG19	CGTCAAGGCAT
LIG20	ACCAGACGCT
LIG21	ACGCTTGAGTT
LIG22	CGTCTTGGTCT
LIG23	TAAGGTCCTT
LIG24	ACGATAATAAT
LIG25	GTTCGTCGTT
LIG26	GACGGCAATT
LIG27	AATCCAATAAT
LIG28	ACTAGACCGAT
LIG29	GGCATGAATCT
LIG30	CTAGCAGGAT
LIG31	AGAGGCTCGTT
LIG32	AATGCAGCGGT
LIG33	AGAGAACTTGT
LIG34	ATTCTCCTCT
LIG35	ACTAGGAATCT
LIG36	AGATGACTGAT
LIG37	TAGCTGCTACT
LIG38	TTGAATCAAGT
LIG39	CGGATGGCAT
LIG40	ACTCATCAGTT
LIG41	CCAGCCAGGAT
LIG42	AGGAGCGGTAT
LIG43	TCCTCCATACT
LIG44	GCAATCGGTT
LIG45	TCTAGGATAAT
LIG46	CTTCGGTATAT
LIG47	AAGAGGATTAT
LIG48	TAAGACTACCT
LIG49	GTAATAAGCAT
LIG50	CATCTTCAGAT
LIG51	AAGCTACCAGT
LIG52	AATATTAGCT
LIG53	CTATATTCCAT
LIG54	CGTCGACCGGT
LIG55	AGGAGTCAAT
LIG56	TTCCTAGACCT
LIG57	AATACTTAACT
LIG58	TGCTAATTCT
LIG59	GAGGTCGGTT
LIG60	GTTGAGCGGTT
LIG61	TGACCGAATCT
LIG62	TCCGGCTGAT
LIG63	TTGCAGCATT
LIG64	TCCTAATTACT
LIG65	GGCCAACGAT
LIG66	GGTCCTTCTCT
LIG67	CAAGAGTTAT
LIG68	ATCTGCCAAT
LIG69	TACGGATCGT
LIG70	AACGAGCGGCT
LIG71	CCGTAACGCCT
LIG72	TAACTAAGTCT
LIG73	ATATTGACTGT
LIG74	TTGATCTCCAT
LIG75	TTCTGGAGCGT
LIG76	ACCATCTGCT
LIG77	AGATCAACCAT
LIG78	CTTCTCATTGT
LIG79	GTTGATAGCT
LIG80	GAGCGCGGCAT
LIG81	TGGTATAGACT
LIG82	GTCGACGGAAT
LIG83	CAGTTAGACCT
LIG84	ATAAGCGAAT
LIG85	CGCTAACCGT
LIG86	CCAGAGGAAGT
LIG87	GCGTTGATCAT
LIG88	TTCTCGCATGT
LIG89	AAGTACGTTAT
LIG90	GGCGTTAAGGT
LIG91	ACCAGTATAAT
LIG92	AATGGCGTAAT
LIG93	ATGAATGCCT
LIG94	ACCATTAAGCT
LIG95	TTAATAGTTCT
LIG96	CTCCTGGTAT
LIG97	GATAGTCGCT
LIG98	CATCGAAGGAT
LIG99	TAATAACTACT
LIG100	AGACCAAGAAT
LIG101	CCTATTAGACT
LIG102	AGCCGAAGTAT
LIG103	GGATGGATAAT
LIG104	AGTCCATGGT
LIG105	CTTCAACTGAT
LIG106	CGATTACGGCT
LIG107	GCTTAATCAT
LIG108	ATTCTTGGCT
LIG109	TTAACGCCGT
LIG110	TCGCAAGACGT
LIG111	CCGGTCAGTT
LIG112	CCAGGCTCTT
LIG113	GCAGCGGACT
LIG114	CTTAAGTTCGT
LIG115	ATCATGGCTGT
LIG116	TCGAAGCCTAT
LIG117	ACTATAATTGT
LIG118	GTTCCGCGCT
LIG119	GGAGTCGTCT
LIG120	ACGATAGACT
LIG121	GGTAGCCTCGT
LIG122	GTTCTGGTAGT
LIG123	TCTCAACCTGT
LIG124	GTTATTGGTT
LIG125	CCTTAGTCTGT
LIG126	ACGTTAGCCAT
LIG127	AATGAATAGT
LIG128	TTCGCCGTAAT
LIG129	CGTACCTAGAT
LIG130	CTACGGTAGCT
LIG131	ACGTATCTAT
LIG132	CGCCGAGGCGT
LIG133	CCGCCTCGTT
LIG134	GTCCGGAACT
LIG135	CTTGCATAAT
LIG136	TCGTCAACTT
LIG137	CGAGTTAGAGT
LIG138	CTCGGACTCT
LIG139	GGCTCCTCGT
LIG140	CTTCCTTATT
LIG141	AATAATCGGT
LIG142	GAGAGCATGCT
LIG143	AACGACTTAAT
LIG144	ACGCGCTCCT
LIG145	TCCTCAACCAT
LIG146	TTATCCAGTAT
LIG147	GCTCCAAGCCT
LIG148	CCGCTGCTTCT
LIG149	CAGACTTGAGT
LIG150	GACCTTCCAT
LIG151	TCGGCGTCGT
LIG152	GGAATGACCGT
LIG153	TGAAGGAAGGT
LIG154	AGCAAGCGGAT
LIG155	ATAGGAGCTT
LIG156	CGGTCGACTAT
LIG157	TCGGTAAGGCT
LIG158	ATACGCTCAAT
LIG159	AAGCTGACCT
LIG160	GGAAGCTCGCT
LIG161	AACGTCTAGT
LIG162	TGAATAGCAAT
LIG163	GTTCAATTGCT
LIG164	AGTTAAGTAAT
LIG165	ATTAGTAATT
LIG166	CCGCCTGGAGT
LIG167	TATTCGCAGT
LIG168	GAGGCGGAAT
LIG169	GCCTCCGTCGT
LIG170	CTATTCGGCCT
LIG171	TACTGAGTCGT
LIG172	ACCAGTTATT
LIG173	ATTATGCTCCT
LIG174	TGGCTAGAACT
LIG175	GATATGGTCT
LIG176	GGCCTCCATT
LIG177	GTCGAGGTAT
LIG178	TGGTCCAGTCT
LIG179	AACGCTATTAT
LIG180	GTAGATCGTT
LIG181	CGAACGCAATT
LIG182	GCGACCAGTT
LIG183	CCTCGTCATAT
LIG184	AGGTCATCCT
LIG185	AAGAACCGTAT
LIG186	CCGGTTAAGT
LIG187	GAATCGACGT
LIG188	CTTCATTAGAT
LIG189	AGGTAATTCCT
LIG190	TTCTATAGAGT
LIG191	GGCATCTACCT
LIG192	TTCGACTTAT
LIG193	GCAACTGGCAT
LIG194	GAGCGAATAT
LIG195	CGGACCATCCT
LIG196	CTACTTCGCTT
LIG197	TGCAAGGCGT
LIG198	TGATCTTAATT
LIG199	CGAATTCGTT
LIG200	CGCCGGTATGT
LIG201	TGGAACGGCT
LIG202	GTAGTTGGAT
LIG203	CATGAGAACT
LIG204	CTTGCGGTCT
LIG205	CAGCAGTATCT
LIG206	ATTATAACGTT
LIG207	CTCCGGTTCT
LIG208	CTTGCCAGCGT
LIG209	GGTTCGACCT
LIG210	ATGAGGATCCT
LIG211	TAGTACTATCT
LIG212	TGAGAACCAAT
LIG213	AAGGCTCATCT
LIG214	TGAGGCAGCT
LIG215	TGCTCAACTCT
LIG216	CCGCGATCTCT
LIG217	AACGCCATACT
LIG218	ATCATCAACGT
LIG219	TGAGCAGAGCT
LIG220	TACTGCGGACT
LIG221	GCAATACTAT
LIG222	CCTACGGCAAT
LIG223	CAGTCAGGCT
LIG224	TCAGTAATACT
LIG225	CCAGATATGCT
LIG226	AAGGTTCAGAT
LIG227	ATTGCTTAGTT
LIG228	CAATATGCGTT
LIG229	ACCAACCGTT
LIG230	GCCTTGCCTCT
LIG231	GATGACGAAGT
LIG232	CTCTTCAAGCT
LIG233	ATCATGGTAAT
LIG234	GAGGAACTCAT
LIG235	CCGGCAGCCT
LIG236	TTGCTCGATT
LIG237	GATGATCCAT
LIG238	AGCGTAAGTT
LIG239	AATGACCTCT
LIG240	ACCAGCCTTAT
LIG241	TCCGAAGTCGT
LIG242	AAGCCTATGAT
LIG243	GAGACGTACGT
LIG244	TCTGGTCGAAT
LIG245	CGGTTACCTT
LIG246	CCGATGCATAT
LIG247	ATCGGCCAGAT
LIG248	GGTAGGTCTCT
LIG249	ACTATCCAGGT
LIG250	GCCAATAGTT
LIG251	TTAGTACGCCT
LIG252	TTCAGAGACGT
LIG253	CCGCGTCCAAT
LIG254	ATCTCCTACGT
LIG255	CTCTTCCTAAT
LIG256	GACTATACCT
LIG257	GGATTGCCGGT
LIG258	ATCAGCAAGT
LIG259	CTGGTTGGTT
LIG260	GTCAGTTAGT
LIG261	CCATTCGTAAT
LIG262	CTGAGCATGAT
LIG263	ATAACGGACT
LIG264	CCTTCATGCGT
LIG265	AAGTCATTAAT
LIG266	AGGTAATAGGT
LIG267	TATCTTAGGTT
LIG268	ATAGAATCCAT
LIG269	AACTTATAAGT
LIG270	ACTGGTAGAT
LIG271	GGTCCTGCAAT
LIG272	CTCTTAGCGGT
LIG273	GTTCCGATCCT
LIG274	CGAACCATAGT
LIG275	GCATTCGGAGT
LIG276	CTCATGAATAT
LIG277	TACGTCCATT
LIG278	GGACGGTAGGT
LIG279	TGGCAAGTCAT
LIG280	TACTGGCTCAT
LIG281	CATATTCTTGT
LIG282	ATCCATCAGGT
LIG283	TCGGTACCAGT
LIG284	GATGCTACGAT
LIG285	GCATTGATATT
LIG286	GCGCTACGGAT
LIG287	CAACTTGGAT
LIG288	TGACCGCTACT
LIG289	GTAATGGTAT
LIG290	CTCCTCTGCCT
LIG291	AGCCAGAATT
LIG292	TGGTCTACGT
LIG293	TAAGCTGATGT
LIG294	AGTCGCATAAT
LIG295	GAAGTCCGTCT
LIG296	GGCCGACCAAT
LIG297	ACGTTGCTCCT
LIG298	CTCGGTCAAT
LIG299	AGGTAGAGCT
LIG300	AGAGTACCAT
LIG301	ATGCTCGCAAT
LIG302	GGCCAGCGGCT
LIG303	TGCGGTTCAGT
LIG304	AATAGAAGAAT
LIG305	ACTCTGAGCT
LIG306	CCGCGCAGGT
LIG307	GGCTACCTGGT
LIG308	GCGCTCGACGT
LIG309	AACTATAGAAT
LIG310	GCATACCAAT
LIG311	TCCGCCTACT
LIG312	GGCGTAGCAAT
LIG313	GGTAAGCTCT
LIG314	AGCGACTGCT
LIG315	TGATTCAACT
LIG316	TGGCGCGTACT
LIG317	GGCGTCCTCAT
LIG318	TCTAGAAGACT
LIG319	CCTCCTTCAT
LIG320	TTCTGGCCTAT
LIG321	GCGACGATAAT
LIG322	CGGCGCTGGCT
LIG323	AGAGAATCAGT
LIG324	AATTGCCGCAT
LIG325	CGAGATGCTT
LIG326	TGGATCAGGCT
LIG327	TATTACCAACT
LIG328	TGCAACCGAGT
LIG329	TGGCCAGTAT
LIG330	AATTGCTCCGT
LIG331	GTCCGTATTAT
LIG332	CAGGCTAAGAT
LIG333	CTTGCATTCAT
LIG334	CGTTGCAAGTT
LIG335	TCGTAGCATCT
LIG336	ATAGGCCTCAT
LIG337	GCCATAGAGT
LIG338	CCGTAATATGT
LIG339	AAGATATCAAT
LIG340	ATCATAAGAT
LIG341	TTGGTAGGCGT
LIG342	CGTCTTCCTT
LIG343	CGCCAGGCAT
LIG344	CTAGCCTATT
LIG345	GATCCAGCGT
LIG346	CATATCAAGAT
LIG347	ACTTAAGATAT
LIG348	ACGAGCCGAAT
LIG349	CTCCATAATT
LIG350	TCTCGGCTGCT
LIG351	CAGCGCATCCT
LIG352	CGAAGGCATGT
LIG353	GCTCGAATCAT
LIG354	CAGCTATCGT
LIG355	TACTTCCGTCT
LIG356	AATCAGCTGCT
LIG357	ATTACTAAGAT
LIG358	TCGCGTACTT
LIG359	GAGAAGACCAT
LIG360	GGCAACGTTGT
LIG361	CCAATAGAACT
LIG362	TAGGCGTTCCT
LIG363	AATACCAGTT
LIG364	ATGGTTAATT
LIG365	ACGTAACGTAT
LIG366	TGATGCATCGT
LIG367	TCGGCCGATGT
LIG368	GCCATCAACT
LIG369	ATGCCGCGCAT
LIG370	AAGTCAAGAT
LIG371	CTTATGAACCT
LIG372	ATGCTGAAGCT
LIG373	AGAAGAATACT
LIG374	CGATCTTCTAT
LIG375	CCTCTTGATGT
LIG376	TGATAAGTTAT
LIG377	TTACCGCATAT
LIG378	TAGTCAATCCT
LIG379	GTCTCTAGTT
LIG380	CCTCCGGAGT
LIG381	TTGACCAGGAT
LIG382	TCATACCGCT
LIG383	CTGCGTAGTAT
LIG384	CCGGAGTTGCT
LIG385	GGTCCGCATCT
LIG386	AATATAGTAT
LIG387	TAGAACCATT
LIG388	TTGGCCTATAT
LIG389	GCGGTTATTGT
LIG390	GAGACCGCCT
LIG391	GGATTATTAT
LIG392	TCAGCTCCTGT
LIG393	GGTTGGCAGGT
LIG394	TTCTGATGAT
LIG395	ATATTCTACCT
LIG396	ACGTTGAATGT
LIG397	GACCAATGCGT
LIG398	GATAACCTAT
LIG399	GAGGAGACGTT
LIG400	CCTATCTCCGT
LIG401	CCAACTCTCT
LIG402	TTCGCCAAGGT
LIG403	CGTAAGGAGT
LIG404	ACGAAGTATT
LIG405	CAAGGCTACT
LIG406	GCTCATATGCT
LIG407	CAGCCAATTGT
LIG408	TAGCCAGCAAT
LIG409	GGCGGTTGACT
LIG410	TCCTATTCTAT
LIG411	TTAAGCGCTAT
LIG412	CTCCAAGTTAT
LIG413	CGCGCTTGCAT
LIG414	TTCTTATACTT
LIG415	AAGACTGGCT
LIG416	CGCATCGTCAT
LIG417	CTAGGCCGTT
LIG418	CTTCTTGAACT
LIG419	CCGTATCTGGT
LIG420	AAGCGGTTCT
LIG421	TCTCAGATAT
LIG422	CCTTGAAGGCT
LIG423	AACTACGGCT
LIG424	CGAACCAGCAT
LIG425	CTAGACGTAAT
LIG426	ACCTTCTCGAT
LIG427	CTATGCTTACT
LIG428	ACGAGAAGAT
LIG429	GAAGAGGCAT
LIG430	CATTCCTGAT
LIG431	TATTCGATCT
LIG432	CCGTCTCAAT
LIG433	AGCAAGTAGT
LIG434	TCAGATCGGAT
LIG435	TGAGTCGATGT
LIG436	CTTAGCTAACT
LIG437	CGATCAGAGAT
LIG438	CAGGCGCCAT
LIG439	GAGTCCTTAT
LIG440	CTTCTAGAGTT
LIG441	GTAACTTACT
LIG442	ACGACCAATAT
LIG443	CTACCGCGTCT
LIG444	GAAGGCTCCAT
LIG445	AGCCTGCAGTT
LIG446	GGCCTCTCCAT
LIG447	CCATTGCGTT
LIG448	TATATGAAGT
LIG449	GTATACCGAAT
LIG450	TCCTCTCCGT
LIG451	ACGGTCATCAT
LIG452	ATAGGTCCAAT
LIG453	TTGCAGGTTAT
LIG454	GTCCGTAGAT
LIG455	ACCAGAACCAT
LIG456	CAAGGCTTAGT
LIG457	TAATCTATACT
LIG458	GGTACGGATAT
LIG459	AAGTTCGCTGT
LIG460	AGGTAACGCGT
LIG461	ACTGGATGCT
LIG462	CTCCAAGGAT
LIG463	TACCAGCAGCT
LIG464	ACGCAATGAT
LIG465	AAGTAATATT
LIG466	TGCAGGACTCT
LIG467	GAGAGCTGGAT
LIG468	CAGCGTTGGT
LIG469	CCTACGTAAT
LIG470	CAAGTCAGCAT
LIG471	GTAGTATAAT
LIG472	CCTATCATAAT
LIG473	TCAGTCCGACT
LIG474	CTTCCAAGAAT
LIG475	GGAACGATGGT
LIG476	TTATCAGAGGT
LIG477	TTGCCTTGGCT
LIG478	CTACGACGAGT
LIG479	CATACGGTAT
LIG480	AGTCGAGTTCT
LIG481	GACGGAATAGT
LIG482	GAGCTCTTCAT
LIG483	CCGGACTCCAT
LIG484	ACCAAGATCT
LIG485	AGAAGGAACT
LIG486	CCTGAGGATT
LIG487	TGACGCCATGT
LIG488	AGCTAGGACGT
LIG489	CGTACCAACGT
LIG490	GTCAATACGAT
LIG491	AGCGTAACCAT
LIG492	CCTAAGCGGT
LIG493	AGGACTGCGAT
LIG494	TCGTAGGCTT
LIG495	TTATAGGCAT
LIG496	TTAAGGCGCCT
LIG497	TTCTATTAAT
LIG498	ATCGGTCCTCT
LIG499	GCTGCTGAAT
LIG500	ATCGGATTCAT
LIG501	GAGGACGATCT
LIG502	TAGCATCGCGT
LIG503	AGTTGGCCTCT
LIG504	AGGACCAAGT
LIG505	TCTATATCTT
LIG506	TTCAGGAGAT
LIG507	CAATTAGGAAT
LIG508	GGTACGCCGAT
LIG509	ACTCCAACGGT
LIG510	GGTTGGCGACT
LIG511	AGTATTCTGCT
LIG512	TTCATCATAT
LIG513	TTCTGCAAGAT
LIG514	TGCAGCCTACT
LIG515	GAGTCGTAACT
LIG516	GAGGAGTTCGT
LIG517	GGCTTGCCAAT
LIG518	GGTATCGCAAT
LIG519	CGTATTGAGAT
LIG520	TGCCAGATGGT
LIG521	CCGGCCATAAT
LIG522	CAGAATTAGGT
LIG523	GGAGCTAATCT
LIG524	ATAGCCTTAAT
LIG525	CTTGGAGACT
LIG526	TGATTAATCCT
LIG527	GTTGGCTCAAT
LIG528	CATTCTAGAAT
LIG529	CTTAGGTTAT
LIG530	GCCATGGTACT
LIG531	GGATAAGATCT
LIG532	GCCGACGAGCT
LIG533	TGGCGTAGGT
LIG534	CTACTAATAT
LIG535	GGTAGGACCAT
LIG536	CTGGCTTCCT
LIG537	TAGCTGGCGAT
LIG538	TGCCGCCGAT
LIG539	TCGGTCTGGTT
LIG540	CTGACTCTGAT
LIG541	GAGCCTTCGCT
LIG542	TCGCGCCGTAT
LIG543	ACTAAGGACCT
LIG544	TTGAACCTCCT
LIG545	CTTAGACGATT
LIG546	TGACGCAGTCT
LIG547	GTATTAAGTT
LIG548	CCTTACGTCAT
LIG549	GGCTTAGGCAT
LIG550	CAGTATCCTT
LIG551	ATCTCCAGCT
LIG552	CCGGCGGCGAT
LIG553	ATCAGTCTCGT
LIG554	CGGCTCCGAAT
LIG555	TGCGTTCCGGT
LIG556	CCGTCGATTGT
LIG557	CAGAAGACTT
LIG558	CCATATTGGTT
LIG559	TACTGCTCGGT
LIG560	TAACTGGCCGT
LIG561	TGGCAGCGAAT
LIG562	TGCATCTTGGT
LIG563	ACGCGTATCGT
LIG564	AATCTTGCTCT
LIG565	GCTGGTTATAT
LIG566	TGGCAGAAGT
LIG567	CCATCGTCTT
LIG568	AGTTGCGCCAT
LIG569	AACCGCTGGT
LIG570	CAACTATTCGT
LIG571	AGCGTCGTAT
LIG572	GTACGATTCT
LIG573	GTAGTCTGAAT
LIG574	CTCTGCGATCT
LIG575	GGCCGCGGTT
LIG576	GGTCTGAGCAT
LIG577	ACCTAGTTAGT
LIG578	CTGCCTCTTCT
LIG579	AGGATTACCAT
LIG580	CAGCGATAGAT
LIG581	CAATTCTAGGT
LIG582	CTGCTAGGAAT
LIG583	TGGCCGCAAT
LIG584	TTATCGTATT
LIG585	ATGAGTTCTCT
LIG586	CTTCTGGTCCT
LIG587	AGAGCGGCTT
LIG588	TCTAGCCTCCT
LIG589	GCTACTTACGT
LIG590	GGTCGCCGCT
LIG591	TAGCTCGGTCT
LIG592	AGAGGTCGCAT
LIG593	CAGTAGCGATT
LIG594	GGACTAGATT
LIG595	TTAGAGGTTCT
LIG596	ATATCGCCTAT
LIG597	GGCAGGTATT
LIG598	GGCTCGAGAT
LIG599	GTTGCCGTTCT
LIG600	ATATGGAGAGT
LIG601	TGCGCCTGGT
LIG602	GGACGGTTAT
LIG603	TTCGTTCCAT
LIG604	TGACTGAGAAT
LIG605	TACGGTTCCAT
LIG606	GGTATAACCTT
LIG607	CCAGTCGAAT
LIG608	GAAGATTCCT
LIG609	CCGCTAGGCCT
LIG610	AATGATTGCAT
LIG611	GTCGGATATT
LIG612	CTTCATTCTCT
LIG613	AATTAATGCGT
LIG614	AATCCGGTCAT
LIG615	CCGATACTCT
LIG616	CGAAGGACGAT
LIG617	TTAGGTACGAT
LIG618	TGCGAGAGGT
LIG619	GTAATCTTCAT
LIG620	GAACTCCTAT
LIG621	AAGCAGCGTT
LIG622	CGTTCTCCAAT
LIG623	GCCTGGCCGGT
LIG624	TTATACCTCGT
LIG625	GCGGAGTCGAT
LIG626	AGAGTTGCAAT
LIG627	CCGCGCTATAT
LIG628	CATTAACGGAT
LIG629	TGCAGATCCAT
LIG630	TCTCCTTGGAT
LIG631	TATGGACTAT
LIG632	GTTGGTTGCAT
LIG633	AACGTAATCT
LIG634	AGAGATGAAT
LIG635	TTGAATTATAT
LIG636	GATCAGTCAT
LIG637	TTAGAGCAACT
LIG638	ACTCGTTACT
LIG639	TTACCGGCTT
LIG640	AATTGGCGAT
LIG641	ACGGTCTTGCT
LIG642	TTCTGACTACT
LIG643	ACTCGACGCCT
LIG644	TGAGCTACTT
LIG645	GGAATACGGAT
LIG646	TGACTCCGTT
LIG647	ATAATGCATT
LIG648	GGTACCATAT
LIG649	AGCTAAGAAT
LIG650	TTACGAACTT
LIG651	CAACGCAGCTT
LIG652	ATACTTGATT
LIG653	AATAATAATGT
LIG654	TAATCAGCCT
LIG655	TAGCGGAGAAT
LIG656	CCTGAATACT
LIG657	GTCCATGCCGT
LIG658	ACGCTTCTCT
LIG659	CGCTTAGATCT
LIG660	TGAACGGTAAT
LIG661	AACGATCATGT
LIG662	TATGATATTCT
LIG663	TTGAGCCAAT
LIG664	ATCTTGACCAT
LIG665	CGCTTCAATT
LIG666	TCTGCGCGTT
LIG667	TCGTAGGTCAT
LIG668	ACGCAGTAGAT
LIG669	CATACGATGCT
LIG670	AGTCTAAGCGT
LIG671	GTCGTTCGCCT
LIG672	GACGCTGCAT
LIG673	CATGCCGTCCT
LIG674	ATTACGCCTCT
LIG675	TCCTTACCAAT
LIG676	TCATTCTATT
LIG677	TCAGAGCATT
LIG678	CCAGCATTCT
LIG679	CTTGATTGCCT
LIG680	TGAGAATTAT
LIG681	AACCTCATTCT
LIG682	CCATTAGCAGT
LIG683	ATGGTACGTT
LIG684	GGACCGTCAAT
LIG685	ATGCGCTACCT
LIG686	CAAGATAATT
LIG687	GTATTATATAT
LIG688	ATATACGCTT
LIG689	TTATAATCAAT
LIG690	GACCTGGAAT
LIG691	GGTCGCCAACT
LIG692	ATCCTACCTCT
LIG693	CCATCCTAGT
LIG694	TGAGTTGCGTT
LIG695	CGCGCAGCAGT
LIG696	ACCGAGCCAT
LIG697	GAGGAATCTT
LIG698	AAGAATCTGAT
LIG699	TTCTAACCAT
LIG700	GAGATACCTCT
LIG701	TGGAGCCATAT
LIG702	CTGATACGTCT
LIG703	CCAGATCAGTT
LIG704	GTATAGGTCGT
LIG705	TAATATAACCT
LIG706	ACTCCGAAGAT
LIG707	ACTCGCGCAT
LIG708	CAGGCCTAAT
LIG709	TTAGGCTTGAT
LIG710	GGAATTATCTT
LIG711	CCGCTTCAGGT
LIG712	TGCCTAACTT
LIG713	ATAACCGCCAT
LIG714	TGCCTATTAT
LIG715	GCTCATGCTT
LIG716	CCGGCGCATT
LIG717	CCTAGTACGT
LIG718	ACTGAATTCCT
LIG719	TGGCATAACGT
LIG720	CGGAACCGAT
LIG721	TTACCTTGCAT
LIG722	ATGGAAGCAT
LIG723	AGATTCATAAT
LIG724	AATTAGAAGGT
LIG725	TGCAGAATAAT
LIG726	TCATCTCGAT
LIG727	GGCGGACGTT
LIG728	GAGGCTTATT
LIG729	GGATCTCTCCT
LIG730	ACCAAGCCTCT
LIG731	TAAGATAGGT
LIG732	TTCGCTGCCT
LIG733	GTCCTCGGCT
LIG734	ACCGACTATT
LIG735	ATTAAGGTCAT
LIG736	CGTTACTAAT
LIG737	ATGGTAACTAT
LIG738	AGCCATACCAT
LIG739	AAGTATGGCCT
LIG740	ACCGGCCGACT
LIG741	GTCTGGTCTT
LIG742	CCTTGATCGT
LIG743	GACCTCAGGT
LIG744	CTCTGACCGCT
LIG745	GCTGGTCCTGT
LIG746	GGATGCGATT
LIG747	CCAAGGAGCGT
LIG748	CCTATAAGCT
LIG749	GGACTCGCCGT
LIG750	TATTCCAATT
LIG751	GCCTCAGCAT
LIG752	CTTCCGTAGGT
LIG753	AATCCATCTT
LIG754	AGGAAGTAAGT
LIG755	CGAATGAGCT
LIG756	CTTACCATCT
LIG757	CTCAAGTCCT
LIG758	TGGCGATCAT
LIG759	CCGAATTAAT
LIG760	CAGAGTAGACT
LIG761	AATGCTCTAT
LIG762	GGAGCAACCT
LIG763	CGACTCGTAGT
LIG764	AGCAGAAGAGT
LIG765	CGAATCTCCT
LIG766	GCCGCTGAGAT
LIG767	CCAACCTACGT
LIG768	CCATCGGACCT
